sequence,Kd_estimate,dataset(s),error(obs),error (est),number of samples,alpha,xcorr
DFATRV,80.145636,24-lib,50.310058,19.658801,18.000000,0.694289,1.183000
DFATTV,160.903326,24-lib,59.011913,96.497759,3.000000,0.820126,1.414000
DFATWV,15.358713,24-lib,16.993035,2.079440,18.000000,0.303240,1.503000
DFDTRV,6.225991,24-lib,1.432250,0.628949,16.000000,0.149966,1.120000
DFDTTV,59.650092,24-lib,55.164712,19.761327,12.000000,0.628292,1.567000
DFDTWV,3.213431,24-lib,1.811682,0.431742,8.000000,0.083458,1.329000
DFETRV,26.358099,24-lib,3.877122,3.469183,14.000000,0.427557,1.364000
DFETTV,68.305139,24-lib,63.027361,17.480133,9.000000,0.659347,1.646000
DFETWV,5.007435,24-lib,3.102541,0.711997,13.000000,0.124262,1.627000
GFATRV,58.679063,24-lib,34.628675,11.333409,10.000000,0.624451,1.067000
GFATWV,23.817151,24-lib,11.789085,4.912304,16.000000,0.402949,1.536000
GFDTRV,21.321042,24-lib,5.799055,2.667781,10.000000,0.376623,1.167000
GFDTTV,167.370048,24-lib,17.530777,114.627385,5.000000,0.825866,1.856000
GFDTWV,3.845538,24-lib,3.957756,0.525150,11.000000,0.098262,1.285000
GFETRV,42.990483,24-lib,5.169353,11.743057,3.000000,0.549185,1.241000
GFETTV,126.958364,24-lib,41.499409,63.133978,4.000000,0.782494,1.691000
GFETWV,15.225649,24-lib,4.525773,2.683843,10.000000,0.301405,1.346000
